{
    "Name": "All in One (M_MercWiener_Scout)",
    "Description": "The entire H3VR arsenal",
    "OrderType": 1,
    "EnemyType": "M_MercWiener_Scout",
    "Guns": [],
    "GunNames": [
        "RemingtonRollingBlockNavy",
        "RollingBlockRifle",
        "RollingBlockRifleCreedmoor",
        "Sharps1874",
        "MF_AerialDenier",
        "MF_AllRounder",
        "MF_Backfield",
        "MF_BigBoomer",
        "MF_BushrangersBoon",
        "MF_Duckhunter",
        "MF_FireWalker",
        "MF_GrenadeLauncher",
        "MF_Minigun",
        "MF_OlReliable",
        "MF_PetiteLiasion",
        "MF_Pistol",
        "MF_Revolver",
        "MF_RocketLauncher",
        "MF_Rosie",
        "MF_Scattergun",
        "MF_Shotgun",
        "MF_SnagSnager",
        "MF_SniperRifle",
        "MF_SoundCheck",
        "MF_StickyLauncher",
        "MF_Submachinegun",
        "MF_TheLastBit",
        "BergmannNo5",
        "BergmannNo5Carbine",
        "BergmannSimplex",
        "BrowningHP",
        "C93Borchardt",
        "C96Mauser",
        "CyberHandgun",
        "CZ75Shadow",
        "Deaglov",
        "Defender45",
        "DesertEagle44",
        "DesertEagle50",
        "DesertEagle357",
        "Explorer22",
        "F12",
        "FiveSevenFDE",
        "FrontierModelB",
        "G17",
        "G17Custom",
        "G19",
        "G22",
        "gl",
        "GSh18",
        "Jetfire950MOP",
        "Jetfire950STD",
        "ll",
        "LugerLP08Artillery",
        "LugerP08",
        "M1911",
        "M1911Stamped",
        "M1911Classic",
        "M1911Dillinger",
        "M1911Gold",
        "M1911Longflop",
        "M1911Modern",
        "M1911Operator",
        "M1911Oversize",
        "M1911Tactical",
        "M1912",
        "M1912P16",
        "M9",
        "M92fs",
        "M9A1",
        "M9A3",
        "Makarov",
        "Match22",
        "Max9",
        "Mk22Mod0",
        "MK23",
        "Mk3",
        "Mk4_Hunter",
        "Mk4_Whisper",
        "P22",
        "P226",
        "P250",
        "P38",
        "P38Snub",
        "P5Compact",
        "PL14",
        "PMM",
        "PMR30",
        "PPK",
        "PX4Storm",
        "Ruby",
        "ST2111",
        "Tec9",
        "TT33",
        "USPMatch",
        "USPMatch9mm",
        "USPTactical",
        "UziPro",
        "VP9",
        "Webley1913",
        "WelrodMkIIa",
        "Contender4570",
        "IPSICK2011",
        "TAThunderer",
        "COP357",
        "DoubleDown",
        "Model95",
        "PK1",
        "VolcanicPistol",
        "APS",
        "ClericM9",
        "CompoundPistol",
        "G18",
        "G18C",
        "G22FullAutoMod",
        "Kuularuisku",
        "LilGreasy",
        "M712Mauser",
        "M93R",
        "M93RA9",
        "MicroUzi",
        "RayGun",
        "SCX",
        "Tec9IllegalFullAutoMod",
        "UnionFrench",
        "VZ64Skorpion",
        "B600",
        "BFR",
        "Bodyguard38",
        "Bull454",
        "C1851Conversion",
        "DardickCarbine",
        "DardickRevolver",
        "Detective Special 38",
        "FA83",
        "Hawk357",
        "Hunter44",
        "LadiesPepperbox",
        "LAPDModel2019",
        "LC22r",
        "M1879",
        "M1895Nagant",
        "MP412REX",
        "Python",
        "R8",
        "Rhino 20DS",
        "Rhino 40",
        "Rhino 50",
        "Rhino 60",
        "RS15",
        "SchofieldModel3",
        "SingleActionArmy",
        "SW29",
        "SW500",
        "SW500Junior",
        "SW629",
        "SWModel10",
        "SWStealth",
        "Unica6",
        "WebleyFosbery",
        "WebleyRevolver",
        "AR50a",
        "Hecate2",
        "M107A1",
        "NTW20",
        "TripleRegret",
        "XM500",
        "AK101",
        "AK12",
        "AK12Prototype",
        "AK5c",
        "AK74N",
        "AKM",
        "AKMTactical",
        "AR18",
        "ASVAL",
        "Bren806",
        "Bren807",
        "EM2",
        "G11",
        "G11TacMod",
        "G36",
        "H416",
        "IA2",
        "L85A2",
        "M16A1",
        "M16A4",
        "M4A1v2Leftie",
        "M4A1v2Rightie",
        "QBZ95",
        "RPK",
        "Mk16Mod0",
        "SG550",
        "SR3M",
        "StG44",
        "Stoner63AR",
        "VSSVintorez",
        "vz58Custom",
        "vz58P",
        "vz58V",
        "AR10",
        "Dragonuv",
        "Fal",
        "FalPara",
        "FaTactical",
        "G3A3",
        "G3SG1",
        "GalilSAR",
        "H51A1",
        "H51A2",
        "H51A3",
        "H51K",
        "Johnson1941",
        "M14",
        "M1Garand",
        "MadsenLAR",
        "MAS49/56",
        "Mk17",
        "Mk17CQC",
        "P762",
        "PSG1",
        "SVT40",
        "WA2000",
        "AWM",
        "BerthierCarbine",
        "Carcano1891",
        "DeLisleCarbine",
        "FRF2",
        "K98k",
        "LeeEnfieldJungleCarbine",
        "LeeEnfieldNo4Mk1",
        "LeeEnfieldObrez",
        "LeeEnfieldSwedeMod",
        "M200",
        "M40A1",
        "Model70",
        "Mosin91_30",
        "MosinM1891",
        "MosinM38",
        "MosinMini",
        "MosinObrez",
        "MRAD",
        "Sako85",
        "Sako85Obrez",
        "Scout",
        "Springfield1903",
        "SV98",
        "Tactical8400Shorty",
        "Tactical8400SuperShorty",
        "TankGewehr",
        "AKS74U",
        "AKS74UTactical",
        "APC45",
        "APC9",
        "AR15SBR",
        "AR180",
        "AR18c",
        "AR18p",
        "AugA1",
        "AugA3",
        "Bubba15",
        "Commando552",
        "Commando552Tactical",
        "CX4",
        "DracoAk",
        "Evo3",
        "FamasF1",
        "FamasG2",
        "G36C",
        "HoneyBadger",
        "HydeLightRifle",
        "KalishniLuger",
        "Luger1902Carbine",
        "M1600",
        "M1600A3000",
        "M1Carbine",
        "M1Shorty16",
        "M2Carbine",
        "M4A1Classic",
        "M4A1Shorty",
        "Malyuk",
        "MauserAssaultCarbine",
        "MauserTrenchCarbine",
        "Mini14Classic",
        "Mini14GB",
        "Mk18",
        "Model8",
        "Model81",
        "MX4",
        "Phantom9",
        "Quackenbush1886",
        "SCRPistol",
        "SKSClassic",
        "SKSModern",
        "SportACR",
        "Takedown1022",
        "Vector45Carbine",
        "vz58Compact",
        "vz58Sport",
        "1860Rifle",
        "1873Carbine",
        "1873Chopshop",
        "1873Rifle",
        "1894Rifle",
        "RioBigBore",
        "RioBigBoreSalvaged",
        "BreakActionShorty",
        "BreakActionSuperShorty",
        "BreakActionTheOG",
        "DoubleBarrel1882",
        "DT11",
        "DT11ChopShop",
        "DT11Shorty",
        "FlaregunHighPressure",
        "FourLetterWord",
        "HammerlessLong",
        "IZh18_12g",
        "IZh18_12g_Short",
        "IZh18_20g",
        "MTs255",
        "MTs255Shorty",
        "ThrowbackSingleshot12g",
        "ThrowbackSingleshot20g",
        "Toz63",
        "Wells1864",
        "1887Shorty",
        "1887FullLength",
        "1887ShortyT2",
        "MartiniHenry",
        "AA12",
        "CAWS",
        "CAWS_TacMod",
        "KWG1",
        "Mag7",
        "MK12",
        "MP155k",
        "MP203",
        "Saiga12k",
        "ScalpelLE",
        "Toz106",
        "USAS12",
        "Auto5",
        "BFB",
        "CQB870",
        "Express870",
        "Hammerless520",
        "Hammerless520Short",
        "KS23",
        "KSG",
        "M1014",
        "M1897Trench",
        "M2Tactical",
        "M2ThreeGun",
        "MarshallUltrashort",
        "MB500Chopped",
        "MB500Long",
        "MB500Shorty",
        "MB590A1",
        "MCS870",
        "SjogrenInertial",
        "SjogrenShorty",
        "SPAS12",
        "SPAS12Tactical",
        "SuperShorty",
        "SuperShortyTactical",
        "T14Custom",
        "VT13Shorty",
        "WorstShotgunEverMade",
        "Mp7a1",
        "Mp7HL",
        "P90",
        "PP2000",
        "PP91KEDR",
        "QC9",
        "AEK919k",
        "Agram2000",
        "American180",
        "American90",
        "Blyskawica",
        "CobrayM11_9",
        "Gepard",
        "K50M",
        "KP31",
        "M3Greasegun",
        "M3GreasegunSuppressed",
        "Mac10",
        "Mac11",
        "Model38",
        "MP18",
        "MP34",
        "MP40",
        "MP510A5",
        "MP540A5",
        "MP5A1",
        "MP5A5",
        "MP5KA4",
        "MP5KPDW",
        "MP5SD6",
        "MP5SFA3",
        "MP5WoodFurniture",
        "SP5KFolding",
        "Mp9",
        "MPK",
        "PP19Vityaz",
        "PPBizon",
        "PPSh41",
        "PPSh41Modern",
        "SpectreM4",
        "StenMk2",
        "StenMk5",
        "StenMk6",
        "StenMk9",
        "Thompson30CarbinePrototype",
        "ThompsonM1928",
        "ThompsonM1A1",
        "ThompsonMk2",
        "Tomacuzi",
        "Type100",
        "UMP45",
        "UMP9",
        "Uzi_Classic",
        "Uzi_Compact",
        "Uzi_Mini",
        "Uzi_Nano",
        "Vector45",
        "ViperMk1",
        "BrenLMG",
        "BrenShortyLMG",
        "DP28LMG",
        "DP28ShortyLMG",
        "HandCrankFrank",
        "M134Minigun",
        "M1918BAR",
        "M1918ShortyBAR",
        "M240B",
        "M249",
        "M2Tombstone",
        "M60",
        "M60E3",
        "M60E4",
        "MG42",
        "Mk19",
        "RPD",
        "STENOF",
        "Stoner63LMG",
        "SustenanceAR3",
        "UltimaxMark3",
        "ChinaLake",
        "H69A1",
        "Kolibri9001",
        "M1A1Bazooka",
        "M79GrenadeLauncher",
        "MGLGrenadeLauncher",
        "PanzerSchreck54",
        "RemoteMissileLauncher",
        "RG6",
        "RGM40_Kastet",
        "RPG7",
        "SturmPistole",
        "USPSAECIAL"
    ],
    "MagNames": [
        "50RemingtonBlackPowderCartridgeJHP",
        "Cartridge8x50mmRIncendiary",
        "45_70Govt_Tracer",
        "Cartridge45110SharpsHighGrain",
        "MF_AerialDenier_Magazine",
        "MF_AllRounder_Magazine",
        "MF_Pistol_Magazine",
        "2Gauge_TripleHit",
        "MF_SMG_Drum",
        "Cartridge13GaugeBuck",
        "MF_Firewalker_Magazine",
        "42mmDemonade",
        "MF_Minigun_Magazine",
        "7Gauge_Buck",
        "366UltraMagnumFMJ",
        "MF_Pistol_Magazine",
        "366UltraMagnumFMJ",
        "Cartridge_RPGMF_Rocket_RockIt",
        "MF_Rosie_Drum",
        "Cartridge13GaugeBuck",
        "7Gauge_Buck",
        "18x50mmPackawhallop_FMJ",
        "18x50mmPackawhallop_Drongo",
        "MF_SoundCheck_Magazine",
        "MF_Clip_StickyShell",
        "MF_SMG_Magazine",
        "18x50mmPackawhallop_Drongo",
        "MagazineBergmannNo510Rnd",
        "MagazineBergmannNo520Rnd",
        "MagazineBergmannSimplex",
        "MagazineBrowningHP",
        "MagazineC93Borchardt",
        "C96MauserStripperClip",
        "MagazineCyberHandgun",
        "MagazineCZ75Shadow",
        "MagazineDeaglov",
        "MagazineDeLisleCarbine",
        "MagazineDeagle44",
        "MagazineDeagle50",
        "MagazineDesertEagle357",
        "MagazineExplorer22",
        "MagazineF12",
        "MagazineFiveSeven",
        "MagazineFrontierMosesB",
        "MagazineG19_19rnd",
        "MagazineG19_19rnd",
        "MagazineG19_33rnd",
        "MagazineG22Standard",
        "MagazineG19_33rnd",
        "MagazineGSh18",
        "MagazineJetfire950STD",
        "MagazineJetfire950STD",
        "MagazineP08Luger",
        "MagazineP08LugerDrum",
        "MagazineP08LugerDrum",
        "MagazineDefender45",
        "MagazineM1911OG",
        "MagazineM1911Tactical",
        "MagazineM1911OG",
        "MagazineM1911Stamped",
        "MagazineM1911",
        "MagazineM1911Stamped",
        "MagazineM1911Tactical",
        "MagazineM1911Oversize",
        "MagazineM1911OG",
        "StripperClipM1912",
        "StripperClipM1912",
        "MagazineM9A1",
        "MagazineCX4",
        "MagazineCX4",
        "MagazineCX4",
        "MagazineMakarovDrum",
        "MagazineMatch22",
        "MagazineG18Standard",
        "MagazineMk22Mod0",
        "MagazineMK23",
        "MagazineMk3",
        "MagazineMk4",
        "MagazineMk4",
        "MagazineP22",
        "MagazineP226Extended",
        "MagazineP250",
        "MagazineP38",
        "MagazineP38",
        "MagazineP5",
        "MagazinePL14",
        "MagazineMakarovModern",
        "MagazinePMR30",
        "MagazinePPK",
        "MagazineM9A3",
        "MagazineRuby",
        "MagazineST2111",
        "MagazineTec9",
        "MagazineTT33",
        "MagazineUSP",
        "MagazineUSP9mm",
        "MagazineUSP",
        "MagazineMicroUzi32rnd",
        "MagazineVP9",
        "MagazineWebley1913",
        "MagazineWelrod",
        "45_70Govt_HighGrain",
        "50BMGCartridgeIncendiary",
        "50BMGCartridgeFMJ",
        "357MagnumCartridgeFMJ",
        "9x19mmCartridge+PJHP",
        "41ShortSP",
        "762x39mmCartridgeJHP",
        "41VolcanicSP",
        "MagazineAPS",
        "MagazinePX4",
        "MagazineFrontierMosesB",
        "MagazineG17Drum",
        "MagazineG17Drum",
        "MagazineG22Standard",
        "KuularuiskuDrum",
        "MagazineLilGreasy",
        "MagazineMauser10Rnd",
        "MagazineM9A1",
        "MagazinePX4",
        "MagazineUzi72rndDrum",
        "MagazineFrontierMosesB",
        "MagazineSCX",
        "MagazineTec9",
        "MagazineUnionFrench",
        "MagazineVZ64",
        "Cartridge_600MagnumBolt_HE",
        "45_70Govt_Tracer",
        "38SpecialCartridgeJHP",
        "454Casull_Softpoint",
        "Cartridge_38Rimfire_SP",
        "38TroundClip",
        "38TroundClip",
        "38SpecialCartridgeFMJ",
        "454Casull_JHP",
        "357MagnumCartridgeFMJ",
        "Cartridge_44Magnum_Tracer",
        "22LRCartridgeTracer",
        "10mmDSMCartridgeFrag",
        "22LRCartridgeTracer",
        "106x25mmRCartridgeTracer",
        "762x38mmRCartridgeFMJ",
        "357MagnumCartridgeTracer",
        "357MagnumCartridgeTracer",
        "357MagnumCartridgeFMJ",
        "357MagnumCartridgeTracer",
        "357MagnumCartridgeTracer",
        "357MagnumCartridgeJHP",
        "357MagnumCartridgeTracer",
        "22WMCartridgeSP",
        "Cartridge_44_40_JHP",
        "45LongColtCartridgeTracer",
        "Cartridge_44Magnum_FMJ",
        "500SWCartridgeFMJ",
        "500SWCartridgeTracer",
        "Cartridge_44Magnum_FMJ",
        "38SpecialCartridgeJHP",
        "Cartridge_44Magnum_SoftPoint",
        "357MagnumCartridgeTracer",
        "455WebleyCartridgeFMJ",
        "455WebleyCartridgeFMJ",
        "50BMGCartridgeIncendiary",
        "MagazineHecate2",
        "MagazineM107A1",
        "MagazineNTW20",
        "50BMGCartridgeAPIncendiary",
        "MagazineXM500",
        "MagazineAK102",
        "MagazineAKS74U2",
        "MagazineAK74Drum",
        "MagazineH416D60",
        "MagazineAK74N",
        "MagazineAKMTactical",
        "MagazineAKMTactical20rnd",
        "MagazineAR1840rnd",
        "MagazineSR3M30rnd",
        "MagazineStanag60rnd",
        "MagazineBren807",
        "MagazineEM2",
        "MagazineG11",
        "MagazineG11",
        "MagazineG36Drum",
        "MagazineBren806",
        "MagazineStanag1",
        "MagazineStoner63AR",
        "MagazineStanag100rnd",
        "MagazineStanag60rnd",
        "MagazineStoner63AR",
        "MagazineH416D60",
        "MagazineQBZ95",
        "MagazineAKM",
        "MagazineH416D60",
        "MagazineSG550",
        "MagazineASVal20Rnd",
        "MagazineStG44",
        "MagazineStanag2",
        "MagazineASVal20Rnd",
        "MagazineVZ58_30Rnd",
        "MagazineVZ58_20Rnd",
        "MagazineVZ58_20Rnd",
        "MagazineAR10_20rnd",
        "MagazineDragonuv",
        "MagazineFal30rnd",
        "MagazineFal30rnd",
        "MagazineFal10rnd",
        "MagazinePSG120rnd",
        "MagazinePSG110rnd",
        "MagazineGalil",
        "MagazinePSG15rnd",
        "MagazinePSG110rnd",
        "MagazinePSG120rnd",
        "MagazinePSG110rnd",
        "3006SpringfieldStripperClip",
        "MagazineM1430rnd",
        "MagazineM1Garand",
        "MagazineMadsenLAR20rnd",
        "MagazineMAS4956",
        "MagazineMk17Mod020rnd",
        "MagazineX25DrumMk17",
        "MagazineP76220rnd",
        "MagazinePSG120rnd",
        "MagazineSVT40",
        "MagazineWA2000",
        "MagazineAWM",
        "MagazineBerthierCarbine",
        "MagazineEnbloc1891",
        "MagazineM1911Stamped",
        "MagazineFRF2",
        "792x57mmStripperClip",
        "MagazineLeeEnfield",
        "MagazineLeeEnfield",
        "MagazineLeeEnfield",
        "MagazineLeeEnfield",
        "MagazineM200",
        "762x51mmCartridgeIncendiary",
        "3006SpringfieldStripperClip",
        "762x54mmRStripperClip",
        "762x54mmRStripperClip",
        "762x54mmRStripperClip",
        "22LRCartridgeTracer",
        "762x54mmRStripperClip",
        "MagazineMRAD",
        "MagazineSako85",
        "MagazineSako85",
        "MagazineScout",
        "3006SpringfieldStripperClip",
        "MagazineSV98",
        "MagazineTactical8400",
        "MagazineTactical8400",
        "13_2mmTUFFMJ",
        "MagazineAK74Drum",
        "MagazineAK74_20rnd",
        "MagazineAPC45",
        "MagazineAPC9",
        "MagazineStanag1",
        "MagazineAR1830rnd",
        "MagazineAR1840rnd",
        "MagazineAR1820rnd",
        "MagazineAugA3",
        "MagazineAugA3",
        "MagazineStanag1",
        "MagazineCommando552",
        "MagazineCommando552",
        "MagazineM9A1",
        "MagazineAKMHeirloom",
        "MagazineEvo350rnd",
        "MagazineFamasF1",
        "MagazineAK5c",
        "MagazineG36Standard",
        "MagazineHoneyBadger20rnds",
        "MagazineHydeLightRifle",
        "MagazineMP18Drum",
        "MagazineMP18",
        "MagazineM1600",
        "MagazineM1600",
        "MagazineM1Carbine",
        "MagazineM1430rnd",
        "MagazineM2Carbine",
        "MagazineH416PMAG",
        "MagazineH416D60",
        "MagazineAKMGold",
        "MagazineMauser30Rnd",
        "MagazineMauser40Rnd",
        "MagazineMini1430rnd",
        "MagazineMini1430rnd",
        "MagazineAK5c",
        "35RemingtonStripperClip",
        "MagazineModel81",
        "MagazinePX4",
        "MagazineG17Drum",
        "22LRCartridgeTracer",
        "MagazineStoner63AR",
        "762x39mmStripperClip",
        "MagazineSKSModern20rnd",
        "MagazineStanag20rnd",
        "MagazineTakedown102225rnd",
        "MagazineVector45",
        "MagazineVZ58_20Rnd",
        "MagazineVZ58_30Rnd",
        "44HenryRimfire",
        "45LongColtCartridgeTracer",
        "45LongColtCartridgeSP",
        "45LongColtCartridgeTracer",
        "Cartridge_44Magnum_Tracer",
        "45_70Govt_HighGrain",
        "45_70Govt_HighGrain",
        "12GaugeShellTripleHit",
        "12GaugeShellTripleHit",
        "Cartridge3Gauge00Buck",
        "12GaugeShellSWAG12FA",
        "12GaugeShellDragonsBreath",
        "12GaugeShellDragonsBreath",
        "12GaugeShellSWAG12FA",
        "12GaugeShellNo4Buckshot",
        "12GaugeShellNo2Buckshot",
        "12GaugeShellDragonsBreath",
        "12GaugeShell00Buckshot",
        "12GaugeShellSWAG12FA",
        "20GaugeShellDragonsBreath",
        "12GaugeShell00Buckshot",
        "12GaugeShellDragonsBreath",
        "12GaugeShellDragonsBreath",
        "20GaugeShellBuckshot",
        "Cartridge_16Gauge_DragonsBreath",
        "12GaugeShellNo4Buckshot",
        "12GaugeShellDragonsBreath",
        "12GaugeShellSWAG12HE",
        "12GaugeShell00Buckshot",
        "577_450_MartiniHenry",
        "MagazineAA12Drum",
        "MagazineCAWS10Rnd",
        "MagazineCAWS20Rnd",
        "MagazineKWG",
        "MagazineMag7",
        "MagazineMk1210rnd",
        "MagazineMP155k",
        "MagazineMP203",
        "MagazineSaiga12k12rnd",
        "MagazineScalpelLE",
        "MagazineToz106",
        "MagazineUSAS20rndDrum",
        "12GaugeShellTripleHit",
        "Cartridge12GaugeShortNo1Buckshot",
        "MagazineCQB8706Rnd",
        "12GaugeShellFlechette",
        "12GaugeShellFlechette",
        "12GaugeShellSWAG12HE",
        "23x75mmR_Buckshot",
        "12GaugeShellSWAG12FA",
        "12GaugeShellNo2Buckshot",
        "12GaugeShellSWAG12FA",
        "12GaugeShellTripleHit",
        "12GaugeShellNo4Buckshot",
        "12GaugeShellSlug",
        "12GaugeShellTripleHit",
        "12GaugeShellNo2Buckshot",
        "12GaugeShellSlug",
        "12GaugeShellSWAG12FA",
        "12GaugeShellFlechette",
        "12GaugeShellTripleHit",
        "12GaugeShell00Buckshot",
        "12GaugeShellSWAG12FA",
        "12GaugeShellTripleHit",
        "12GaugeShellTripleHit",
        "12GaugeShellNo4Buckshot",
        "12GaugeShellTripleHit",
        "12GaugeShellSlug",
        "12GaugeShellTripleHit",
        "MagazineMp7",
        "MagazineMp7",
        "MagazineP90",
        "MagazinePP2000",
        "MagazinePP91",
        "MagazineAPC9",
        "MagazineAEK919k",
        "MagazineAgram2000_32rnd",
        "MagazineAmerican180",
        "MagazineAmerican90",
        "MagazineBlyskawica",
        "MagazineCobrayM119_32rnd",
        "MagazineGepard40rnd",
        "MagazinePPSH41Drum",
        "MagazineKP31",
        "MagazineM3Greasegun",
        "MagazineM3Greasegun",
        "MagazineMac10",
        "MagazineMac11",
        "MagazineModel38_20rnd",
        "MagazineMP18",
        "MagazineMP34",
        "MagazineMP40",
        "MagazineMp510_30rndStraight",
        "MagazineMp540_30rndStraight",
        "MagazineMp530rndStraight",
        "MagazineMp530rndStraight",
        "MagazineMp530rnd",
        "MagazineMp530rnd",
        "MagazineMp530rndStraight",
        "MagazineMp5100rnd",
        "MagazineMp530rndStraight",
        "MagazineMp530rnd",
        "MagazineMp9",
        "MagazineMPK",
        "MagazinePP19Vityaz30rnd",
        "MagazinePPBizon",
        "MagazinePPSH41Drum",
        "MagazineK50M",
        "MagazineSpectreM4",
        "MagazineStenMk2",
        "MagazineStenMk2",
        "MagazineStenMk2",
        "MagazineStenMk2_16rnd",
        "MagazineThompson30Carbine",
        "MagazineThompson30rnd",
        "MagazineThompsonDrum50",
        "MagazineThompsonMk2",
        "MagazineTomacuziDrum",
        "MagazineType100",
        "MagazineUMP45",
        "MagazineUMP9",
        "MagazineMicroUzi20rnd",
        "MagazineMicroUzi32rnd",
        "MagazineMicroUzi32rnd",
        "MagazineUziNano",
        "MagazineVector45",
        "MagazineViperMk1",
        "MagazineBrenLMG",
        "MagazineBrenLMG",
        "MagazineDP28",
        "MagazineDP28",
        "MagazineHandCrankFrank",
        "MagazineM134",
        "MagazineM1918BAR",
        "MagazineM1918BAR",
        "MagazineM240",
        "MagazineStanagDrum",
        "MagazineM2Tombstone",
        "MagazineM60Box",
        "MagazineM60Box",
        "MagazineM60Box",
        "MagazineMG42Giant",
        "Magazine_Mk19",
        "MagazineRPD",
        "MagazineSTENOFDrum",
        "MagazineStoner63LMG",
        "Magazine_AR3_30rnd",
        "MagazineUltimax",
        "Cartridge_40x46Grenade_X214",
        "Cartridge_40x46Grenade_X477",
        "MagazineKolibri9001",
        "M1A1Rocket",
        "Cartridge_40x46Grenade_M381",
        "Cartridge_40x46Grenade_X477",
        "RPzBGr4322Rocket",
        "RemoteMissile",
        "Cartridge_40mmCaseless_HEFJ",
        "Cartridge_40mmCaseless_HEFJ",
        "RPG7Rocket",
        "SturmGrenade",
        "Cartridge20x82mmHE"
    ],
    "CategoryIDs": [
        2,
        2,
        2,
        2,
        0,
        0,
        0,
        2,
        0,
        2,
        0,
        2,
        0,
        2,
        2,
        0,
        2,
        2,
        0,
        2,
        2,
        2,
        2,
        0,
        1,
        0,
        2,
        0,
        0,
        0,
        0,
        0,
        1,
        0,
        0,
        0,
        0,
        0,
        0,
        0,
        0,
        0,
        0,
        0,
        0,
        0,
        0,
        0,
        0,
        0,
        0,
        0,
        0,
        0,
        0,
        0,
        0,
        0,
        0,
        0,
        0,
        0,
        0,
        0,
        0,
        1,
        1,
        0,
        0,
        0,
        0,
        0,
        0,
        0,
        0,
        0,
        0,
        0,
        0,
        0,
        0,
        0,
        0,
        0,
        0,
        0,
        0,
        0,
        0,
        0,
        0,
        0,
        0,
        0,
        0,
        0,
        0,
        0,
        0,
        0,
        0,
        2,
        2,
        2,
        2,
        2,
        2,
        2,
        2,
        0,
        0,
        0,
        0,
        0,
        0,
        0,
        0,
        0,
        0,
        0,
        0,
        0,
        0,
        0,
        0,
        0,
        2,
        2,
        2,
        2,
        2,
        1,
        1,
        2,
        2,
        2,
        2,
        2,
        2,
        2,
        2,
        2,
        2,
        2,
        2,
        2,
        2,
        2,
        2,
        2,
        2,
        2,
        2,
        2,
        2,
        2,
        2,
        2,
        2,
        2,
        2,
        2,
        0,
        0,
        0,
        2,
        0,
        0,
        0,
        0,
        0,
        0,
        0,
        0,
        0,
        0,
        0,
        0,
        0,
        0,
        0,
        0,
        0,
        0,
        0,
        0,
        0,
        0,
        0,
        0,
        0,
        0,
        0,
        0,
        0,
        0,
        0,
        0,
        0,
        0,
        0,
        0,
        0,
        0,
        0,
        0,
        0,
        0,
        0,
        0,
        0,
        0,
        1,
        0,
        0,
        0,
        0,
        0,
        0,
        0,
        0,
        0,
        0,
        0,
        0,
        0,
        0,
        0,
        1,
        0,
        0,
        0,
        0,
        0,
        2,
        1,
        1,
        1,
        1,
        2,
        1,
        0,
        0,
        0,
        0,
        1,
        0,
        0,
        0,
        2,
        0,
        0,
        0,
        0,
        0,
        0,
        0,
        0,
        0,
        0,
        0,
        0,
        0,
        0,
        0,
        0,
        0,
        0,
        0,
        0,
        0,
        0,
        0,
        0,
        0,
        0,
        0,
        0,
        0,
        0,
        0,
        0,
        0,
        0,
        0,
        0,
        1,
        0,
        0,
        0,
        2,
        0,
        1,
        0,
        0,
        0,
        0,
        0,
        0,
        2,
        2,
        2,
        2,
        2,
        2,
        2,
        2,
        2,
        2,
        2,
        2,
        2,
        2,
        2,
        2,
        2,
        2,
        2,
        2,
        2,
        2,
        2,
        2,
        2,
        2,
        2,
        2,
        2,
        2,
        0,
        0,
        0,
        0,
        0,
        0,
        0,
        0,
        0,
        0,
        0,
        0,
        2,
        2,
        0,
        2,
        2,
        2,
        2,
        2,
        2,
        2,
        2,
        2,
        2,
        2,
        2,
        2,
        2,
        2,
        2,
        2,
        2,
        2,
        2,
        2,
        2,
        2,
        2,
        0,
        0,
        0,
        0,
        0,
        0,
        0,
        0,
        0,
        0,
        0,
        0,
        0,
        0,
        0,
        0,
        0,
        0,
        0,
        0,
        0,
        0,
        0,
        0,
        0,
        0,
        0,
        0,
        0,
        0,
        0,
        0,
        0,
        0,
        0,
        0,
        0,
        0,
        0,
        0,
        0,
        0,
        0,
        0,
        0,
        0,
        0,
        0,
        0,
        0,
        0,
        0,
        0,
        0,
        0,
        0,
        0,
        0,
        0,
        0,
        0,
        0,
        0,
        0,
        0,
        0,
        0,
        0,
        0,
        0,
        0,
        0,
        0,
        0,
        0,
        0,
        0,
        0,
        0,
        2,
        2,
        0,
        2,
        2,
        2,
        2,
        2,
        2,
        2,
        2,
        2,
        2
    ]
}